<?xml version="1.0" encoding="UTF-8" standalone="no"?>
<manifest xmlns="http://tizen.org/ns/packages" api-version="2.3" package="org.tizen.iapsample" version="1.0.2">
    <profile name="mobile"/>
    <ui-application appid="org.tizen.iapsample" exec="iapsample" multiple="false" nodisplay="false" taskmanage="true" type="capp">
        <label>Sample 1way</label>
        <icon>iapsample.png</icon>
    </ui-application>
    <privileges>
        <privilege>http://tizen.org/privilege/mediastorage</privilege>
        <privilege>http://tizen.org/privilege/download</privilege>
        <privilege>http://tizen.org/privilege/systemsettings</privilege>
        <privilege>http://tizen.org/privilege/appmanager.launch</privilege>
        <privilege>http://tizen.org/privilege/internet</privilege>
    </privileges>
    <feature name="http://tizen.org/feature/screen.size.normal.480.800">true</feature>
    <feature name="http://tizen.org/feature/screen.size.normal.720.1280">true</feature>
</manifest>
